{"ball": [-0.08810561011236834, -0.0012769018013647198], "pf_coord": [-0.02922886773443237, 0.09329968561292332, -0.12765691428178805], "coord_odometry": [0.0003400755483005738, 0.04881044933687082, -0.12765691428178805]}