{"ball": [0.29644248105936877, -0.08694121791962628], "pf_coord": [-0.5, 0, 0.00044089774415835055], "coord_odometry": [0.24695705447785435, -0.04227260243296894, 0.47312193376429135]}