{"ball": [-1.1209452827798554, -0.13921929531471386], "pf_coord": [-1.2356307, -0.0786757, 0.08988953021334085], "coord_odometry": [-1.2356307, -0.0786757, 0.08988953021334085]}