{"ball": [-0.010545722665597241, 0.006157100317654178], "pf_coord": [-0.5, 0, -0.0007733881917095786], "coord_odometry": [-0.37485208534231507, 0.06371202355162882, -0.039582893981503275]}