{"ball": [-0.4918998618726226, -0.5769431408399942], "pf_coord": [-0.50841221148021, -0.7586289267950005, 0.14917577771207116], "coord_odometry": [-0.5411463911922317, -0.8042813758254338, 0.14917577771207116]}