{"ball": [-0.4918998618726226, -0.5769431408399942], "pf_coord": [-0.7064559477194947, -0.6249001903944887, -0.40463920614125026], "coord_odometry": [-0.6820524877789231, -0.6659744622153395, -0.40463920614125026]}