{"ball": [1.517363365337735, -0.8256603380725454], "pf_coord": [1.1739392960391268, -0.8117119488436101, 0.5916022443296282], "coord_odometry": [1.0944621413796687, -1.1095592864222927, 0.5916022443296282]}