{"ball": [0.3847623021358858, -0.36063771022769797], "pf_coord": [-0.5, 0, 0.4267671991164136], "coord_odometry": [0.3001391061507015, -0.43108121532017074, 0.2647160440395564]}