{"ball": [-0.884488014880427, -0.038422120742480206], "pf_coord": [-0.4796612500000001, 0.006522350000000001, -0.0019577378914634735], "coord_odometry": [-0.4796612500000001, 0.006522350000000001, -0.0019577378914634735]}