{"ball": [-1.378166293931506, 0.5372223102862551], "pf_coord": [-1.48514365, 0.1941488, 0.026819147956806396], "coord_odometry": [-1.4832706397029694, 0.48249681930482263, 0.026819147956806396]}