{"ball": [1.2619375664490895, 0.22808481430841837], "pf_coord": [1.2208947627999203, 0.14097635719802434, 0.008731429666987367], "coord_odometry": [1.2066369959191434, 0.18287298582989117, 0.008731429666987188]}